Workbook

Sheet Candidatures
B1: SUIVI DES CANDIDATURES
B2: Relance après 1-2 semaines sans réponse · Clique sur le statut pour le changer
B4: Entreprise & Poste | C4: Secteur | D4: Date candidature | E4: Contact RH/Manager | F4: Email / LinkedIn | G4: Lien offre | H4: Statut | I4: Date relance | J4: Notes
B5: Entreprise — Poste | C5: Finance | D5: 45901 | E5: Prénom RH | F5: email@ex.fr | G5: https://lien-offre.fr | H5: En attente | I5: =D5+14 -> 45915
B6: Entreprise — Poste | C6: Conseil | D6: 45903 | E6: Prénom Manager | H6: Entretien 🔥 | I6: =D6+14 -> 45917 | J6: Entretien le 10/09
B7: Entreprise — Poste | C7: Luxe | D7: 45905 | H7: Refusé | I7: =D7+14 -> 45919 | J7: Budget gelé
B8: Entreprise — Poste | C8: Tech | D8: 45907 | H8: À relancer | I8: =D8+14 -> 45921
B9: Entreprise — Poste | C9: Industrie | D9: 45909 | H9: Obtenu 🎉 | I9: =D9+14 -> 45923 | J9: Réponse le 15/09 !
I10: =D10+14 -> 14
I11: =D11+14 -> 14
I12: =D12+14 -> 14
I13: =D13+14 -> 14
I14: =D14+14 -> 14
I15: =D15+14 -> 14
I16: =D16+14 -> 14
I17: =D17+14 -> 14
I18: =D18+14 -> 14
I19: =D19+14 -> 14
I20: =D20+14 -> 14
I21: =D21+14 -> 14
... I39: =D39+14 -> 14

Sheet Réseau
B1: SUIVI RÉSEAU
B2: Alumni, contacts LinkedIn, entourage — chaque personne est une opportunité
B4: Prénom Nom | C4: Société | D4: Poste | E4: Comment connu | F4: Date contact | G4: Date relance | H4: Statut | I4: Prochaine étape | J4: Notes
B5: Prénom Alumni | C5: Entreprise X | D5: Analyste financier | E5: Alumni école | F5: 45901 | H5: Contacté | I5: Attendre réponse (relance le 15/09)
B6: Prénom Contact | C6: Entreprise Y | D6: Directeur | E6: Famille | F6: 45903 | H6: En échange | I6: Envoyer CV après call
B7: Prénom Voisin | C7: Entreprise Z | D7: Comptable | E7: Entourage | H7: À contacter | I7: Mentionner lors dîner famille
B8: candi

Sheet Dashboard
B1: 📊 RÉSUMÉ DES PERFORMANCES
B2: Organise tes cibles par secteur et priorité
B4: Entreprise | C4: Secteur | D4: Poste visé #1 | E4: Poste visé #2 | F4: Contact ? | G4: Priorité (1-3) | H4: Notes
B5: Indicateur | C5: Valeur | D5: % | E5: M&A Analyst | F5: Non | G5: 1
B6: Total Candidatures | C6: =COUNTA(Candidatures!B5:B1048576) -> 5 | D6: 1 | E6: Business Analyst | F6: Oui — alumni | G6: 1 | H6: Demander intro à [Prénom]
B7: En attente | C7: =COUNTIF(Candidatures!H5:H10485, "En attente") -> 1 | D7: =IFERROR(C7/C6,"-") -> 0.2 | F7: Non | G7: 2
B8: Entretiens décrochés | C8: =COUNTIF(Candidatures!H5:H10485, "Entretien 🔥") -> 1 | D8: =IFERROR(C8/C6,"-") -> 0.2 | E8: Marketing | F8: Non | G8: 3
B9: Refus | C9: =COUNTIF(Candidatures!H5:H10485, "Refusé") -> 1 | D9: =IFERROR(C9/C6,"-") -> 0.2
B10: Taux de succès | C10: =COUNTIF(Candidatures!H5:H10485,"Obtenu 🎉") -> 1 | D10: =IFERROR(C10/C6,"-") -> 0.2
B11: À relancer | C11: =COUNTIF(Candidatures!H6:H10486,"Obtenu 🎉") -> 1 | D11: =IFERROR(C11/C7,"-") -> 1

Sheet Wishlist
B1: WISHLIST ENTREPRISES
B2: Organise tes cibles par secteur et priorité
B4: Entreprise | C4: Secteur | D4: Poste visé #1 | E4: Poste visé #2 | F4: Contact ? | G4: Priorité (1-3) | H4: Notes
B5: Entreprise A | C5: Finance / Conseil | D5: Analyste financier | E5: M&A Analyst | F5: Non | G5: 1
B6: Entreprise B | C6: Industrie | D6: Contrôleur de gestion | E6: Business Analyst | F6: Oui — alumni | G6: 1 | H6: Demander intro à [Prénom]
B7: Entreprise C | C7: Luxe | D7: Chef de produit | F7: Non | G7: 2
B8: Entreprise D | C8: Tech | D8: Business Developer | E8: Marketing | F8: Non | G8: 3

Sheet Conseils
B1: RAPPELS ESSENTIELS — À RELIRE AVANT CHAQUE CANDIDATURE
B3: 📄 CV | C3: Accroche personnalisée | D3: Mentionner le nom de l'entreprise dans chaque accroche. Ex : 'je cherche un stage chez [Entreprise cible]'
B4: 📄 CV | C4: Nom du fichier | D4: Toujours : NOM Prénom CV.pdf — jamais cv_final_v2.pdf
B5: 📄 CV | C5: Expériences chiffrées | D5: Chaque bullet point doit avoir un chiffre. Pas de colonne 'Skills' avec des qualités non démontrées.
B6: 📄 CV | C6: Langues | D6: Pas de jauges ni d'étoiles. Écrire : Maternelle, Bilingue, Courant, Intermédiaire (B2), Notions.
B8: 🔍 Candidature | C8: Nom visible sur l'offre | D8: Envoyer OBLIGATOIREMENT un message LinkedIn ou email à la personne, en plus de la candidature
B9: 🔍 Candidature | C9: Relance | D9: Au bout d'1 à 2 semaines sans réponse. C'est ok — tout le monde relance.
B10: 🔍 Candidature | C10: Tracker | D10: Ajouter chaque candidature dans l'onglet 'Candidatures' pour ne jamais oublier de relancer
B12: 🤝 Réseau | C12: Alumni | D12: Chercher sur LinkedIn des alumni qui occupent ton poste de rêve. Demander 20 min d'échange.
B13: 🤝 Réseau | C13: Entourage | D13: Dire à tout le monde ce que tu cherches. 50% des emplois viennent d'offres jamais publiées.
B14: 🤝 Réseau | C14: 1er message | D14: Ne pas demander le stage au 1er message. Demander un retour d'expérience sur leur parcours.
B16: 🏆 Entretien | C16: Préparer l'entreprise | D16: Lire la rubrique Presse/Actualités. Citer une actu récente = top 1% des candidats
B17: 🏆 Entretien | C17: Apparence | D17: Tenue professionnelle, 2 CV imprimés, carnet + stylo. Calendrier si alternance.
... B19: 🏆 Entretien | C19: Remerciement post-entretien | D19: Mail dans les 24h (pas la nuit, programme-le). Court, sincère, mémorable.
